{
    "Nachname": {
        "recall": 0.35383447228549736
    },
    "Vorname": {
        "recall": 0.009501187648456057
    },
    "Pseudonym": {
        "recall": 0.2265625
    },
    "Gender": {
        "recall": 0.0
    },
    "Titel": {
        "recall": 0.5821561338289963
    },
    "Untertitel_im_Text": {
        "recall": 0.02040816326530612
    },
    "Untertitel_im_Inhaltsverzeichnis": {
        "recall": 0.0
    },
    "Jahr_ED": {
        "recall": 0.46096654275092935
    },
    "entstanden": {
        "recall": 0.0
    },
    "Gattungslabel_ED": {
        "recall": 0.0
    },
    "Medium_ED": {
        "recall": 0.0007462686567164179
    },
    "Medientyp_ED": {
        "recall": 0.0
    },
    "Hg.": {
        "recall": 0.01107011070110701
    },
    "Seiten": {
        "recall": 0.0014492753623188406
    },
    "Medium_Zweitdruck": {
        "recall": 0.0
    },
    "Jahr_Zweitdruck": {
        "recall": 0.046153846153846156
    },
    "Label_Zweitdruck": {
        "recall": 0.0
    },
    "Medium_Drittdruck": {
        "recall": 0.0
    },
    "Jahr_Drittdruck": {
        "recall": 0.0
    },
    "Label_Drittdruck": {
        "recall": 0.0
    }
}